user_ID,name,age,gender,location,signup_date,subscription_plan,device_type
1,Brittan,67,Male,Female,2023-03-08,M,Turquoise
2,Nickolaus,94,Male,Non-binary,2023-02-14,XS,Indigo
3,Dionis,96,Female,Genderqueer,2022-07-31,3XL,Orange
4,Byran,43,Female,Male,2022-08-23,M,Teal
5,Beatrisa,73,Male,Female,2022-05-07,2XL,Crimson
6,Tracey,84,Male,Male,2023-01-08,L,Blue
7,Gorden,21,Female,Male,2023-03-01,S,Mauv
8,Huntington,66,Male,Male,2022-07-17,S,Goldenrod
9,Katya,53,Male,Female,2022-07-09,XL,Pink
10,Mavis,72,Female,Agender,2022-06-11,M,Khaki
11,Seumas,44,Female,Male,2022-08-27,XL,Teal
12,Dara,80,Male,Non-binary,2022-05-12,M,Fuscia
13,Lola,60,Male,Female,2022-05-05,XS,Orange
14,Faun,35,Male,Female,2023-03-03,XL,Khaki
15,Thurstan,87,Female,Male,2022-10-25,XL,Khaki
16,Else,36,Male,Female,2022-10-02,XS,Purple
17,Enrica,25,Female,Female,2022-06-11,M,Fuscia
18,Gran,79,Male,Male,2022-03-19,XL,Violet
19,Tait,21,Male,Male,2022-07-20,L,Red
20,Rica,51,Male,Female,2022-03-29,XS,Turquoise
21,Jen,50,Male,Female,2022-06-14,XS,Violet
22,Teddie,57,Male,Female,2023-01-29,XL,Teal
23,Ranna,69,Female,Female,2022-08-07,S,Teal
24,Krysta,77,Female,Female,2022-04-01,3XL,Mauv
25,Abram,31,Male,Male,2023-02-02,3XL,Green
26,Culley,33,Male,Male,2022-08-02,2XL,Blue
27,Johna,34,Female,Female,2022-12-16,M,Red
28,Winny,98,Female,Male,2022-10-26,M,Blue
29,Deni,67,Female,Female,2022-03-26,2XL,Aquamarine
30,Robinet,92,Male,Male,2023-03-05,3XL,Yellow
31,Stuart,59,Female,Male,2023-03-09,2XL,Blue
32,Eugen,67,Female,Male,2022-03-28,XS,Maroon
33,Heinrik,47,Female,Male,2022-12-12,3XL,Orange
34,Channa,42,Male,Female,2023-01-12,S,Orange
35,Carolyne,34,Female,Female,2022-07-22,S,Fuscia
36,Dillie,73,Male,Bigender,2022-09-20,M,Purple
37,Lilith,68,Female,Female,2022-08-28,2XL,Fuscia
38,Lanny,59,Male,Male,2022-05-12,2XL,Green
39,Amitie,49,Male,Female,2023-01-30,XS,Aquamarine
40,Marion,55,Female,Female,2023-01-30,XS,Teal
41,Danice,77,Female,Female,2023-02-27,S,Purple
42,Dillon,25,Male,Male,2022-09-08,2XL,Maroon
43,Wesley,36,Male,Male,2022-09-20,M,Turquoise
44,Quinn,67,Female,Male,2022-03-21,XS,Pink
45,Valery,62,Male,Female,2022-06-18,2XL,Khaki
46,Gina,42,Male,Female,2023-03-12,XL,Purple
47,Kent,95,Female,Male,2022-07-06,XS,Indigo
48,Eli,51,Male,Male,2022-10-26,2XL,Green
49,Ronald,29,Female,Male,2022-07-07,S,Orange
50,Benjy,31,Female,Male,2022-07-15,S,Puce
51,Beck,22,Male,Male,2022-10-14,L,Yellow
52,Vitia,42,Male,Female,2022-04-06,3XL,Maroon
53,Harriett,52,Female,Female,2022-06-04,XS,Green
54,Durant,40,Female,Male,2022-11-06,L,Blue
55,Judah,26,Male,Male,2022-04-14,3XL,Violet
56,Xylina,43,Female,Female,2022-04-03,XL,Violet
57,Kev,39,Male,Male,2023-03-15,S,Pink
58,Terry,44,Female,Male,2022-08-10,XS,Turquoise
59,Alyssa,64,Female,Female,2023-03-16,S,Teal
60,Kylynn,76,Female,Female,2022-05-11,3XL,Indigo
61,Clerkclaude,27,Male,Male,2022-09-04,M,Red
62,Wallie,81,Female,Female,2023-03-13,XL,Pink
63,Marje,96,Female,Female,2022-11-12,2XL,Purple
64,Markos,26,Female,Male,2023-03-05,3XL,Mauv
65,Artie,71,Male,Male,2023-02-04,XS,Purple
66,Gal,40,Female,Male,2023-01-07,2XL,Teal
67,Odey,98,Female,Male,2022-06-03,3XL,Green
68,Domenic,55,Female,Male,2023-02-01,S,Puce
69,Kaspar,44,Male,Male,2022-06-02,L,Yellow
70,Thorndike,48,Female,Male,2022-03-28,XS,Goldenrod
71,Jeannette,66,Female,Female,2022-12-06,M,Goldenrod
72,Scot,38,Male,Male,2022-09-25,S,Aquamarine
73,Bartlet,27,Female,Male,2023-01-18,2XL,Orange
74,Beverlie,25,Male,Female,2022-08-18,M,Goldenrod
75,Audrye,89,Female,Female,2022-08-29,L,Maroon
76,Esme,46,Male,Male,2022-11-02,S,Crimson
77,Debora,90,Female,Female,2022-06-03,2XL,Fuscia
78,Dorthea,27,Male,Female,2022-11-04,2XL,Maroon
79,Gusta,78,Male,Female,2022-08-21,M,Purple
80,Laetitia,89,Female,Female,2022-05-02,M,Aquamarine
81,Carmelle,21,Female,Female,2022-08-19,S,Green
82,Tobin,75,Male,Male,2023-01-28,L,Indigo
83,Karlee,45,Female,Female,2022-10-16,2XL,Maroon
84,Francene,82,Male,Female,2022-08-30,S,Pink
85,Lydie,91,Male,Female,2022-04-26,L,Red
86,Reta,34,Female,Female,2022-09-10,XS,Blue
87,Pall,98,Female,Male,2022-11-20,L,Aquamarine
88,Sharia,78,Female,Female,2022-05-23,XS,Aquamarine
89,Shandie,54,Male,Female,2022-11-02,3XL,Green
90,Mercedes,44,Male,Agender,2023-01-13,2XL,Aquamarine
91,Vance,86,Female,Male,2023-01-05,L,Orange
92,Ricard,46,Female,Non-binary,2022-08-05,XL,Mauv
93,Cobb,44,Female,Male,2022-04-22,L,Mauv
94,Saul,65,Female,Male,2022-08-06,XS,Mauv
95,Channa,50,Female,Female,2022-08-06,2XL,Puce
96,Freddy,61,Female,Female,2023-02-01,M,Purple
97,Meggie,20,Male,Female,2022-06-06,3XL,Blue
98,Gracia,67,Male,Female,2022-12-04,XL,Pink
99,Niccolo,76,Male,Male,2022-11-17,2XL,Fuscia
100,Stefano,98,Female,Male,2022-11-25,XL,Mauv
101,Neron,27,Female,Male,2022-09-11,2XL,Crimson
102,Brunhilde,33,Female,Female,2022-06-15,XL,Pink
103,Osborne,75,Female,Male,2022-05-27,M,Maroon
104,Chic,76,Female,Male,2023-01-22,S,Khaki
105,Randie,46,Female,Female,2022-04-12,XS,Orange
106,Jo,72,Male,Male,2023-02-03,XS,Crimson
107,Agnes,33,Female,Agender,2023-02-23,2XL,Fuscia
108,Francklin,55,Female,Male,2023-02-18,3XL,Orange
109,Guthrie,73,Male,Male,2022-07-22,L,Blue
110,Miner,78,Female,Male,2022-10-10,L,Green
111,Tedman,37,Male,Male,2022-12-14,L,Mauv
112,Gratiana,37,Male,Female,2023-03-15,XL,Maroon
113,Klement,21,Male,Male,2022-12-06,2XL,Purple
114,Chris,86,Female,Female,2022-06-17,XL,Crimson
115,Bobinette,44,Male,Female,2022-04-25,S,Orange
116,Billy,65,Female,Female,2022-03-29,2XL,Fuscia
117,Teddy,21,Male,Female,2022-12-04,L,Pink
118,Cristine,71,Female,Female,2022-08-24,L,Indigo
119,Diahann,56,Male,Female,2022-10-30,S,Violet
120,Grete,55,Male,Bigender,2022-11-16,S,Aquamarine
121,Katalin,98,Male,Genderfluid,2022-06-13,XS,Purple
122,Carrissa,69,Male,Female,2022-05-15,3XL,Fuscia
123,Jsandye,45,Female,Female,2022-10-31,2XL,Blue
124,Brandyn,86,Male,Male,2022-08-11,XL,Khaki
125,Raynor,78,Female,Male,2022-06-20,L,Goldenrod
126,Nealson,80,Female,Male,2022-08-11,L,Violet
127,Iseabal,75,Male,Female,2022-08-14,XS,Yellow
128,Anetta,94,Male,Female,2022-12-11,XS,Violet
129,Freeman,63,Male,Male,2022-05-24,3XL,Khaki
130,Afton,94,Female,Female,2022-10-28,XL,Green
131,Ashton,46,Female,Agender,2022-04-30,3XL,Teal
132,Andras,91,Female,Male,2022-07-05,M,Turquoise
133,Gian,64,Female,Male,2022-06-02,2XL,Violet
134,Kirk,25,Female,Male,2022-12-01,XS,Yellow
135,Paton,79,Male,Male,2022-05-09,XS,Mauv
136,Ephrayim,94,Male,Male,2022-09-30,S,Purple
137,Son,22,Male,Male,2022-11-26,XL,Violet
138,Staffard,46,Male,Male,2022-09-15,XL,Blue
139,Morena,63,Female,Female,2022-06-09,XS,Khaki
140,Barney,79,Male,Male,2022-05-04,M,Turquoise
141,Wildon,60,Male,Male,2022-12-18,S,Khaki
142,Shepard,80,Male,Male,2022-04-14,M,Teal
143,Roselle,24,Male,Female,2022-04-18,M,Fuscia
144,Annis,48,Male,Female,2022-06-17,XS,Orange
145,Tyrone,93,Female,Male,2022-07-31,XL,Green
146,Casandra,59,Male,Female,2023-01-17,M,Crimson
147,Edd,55,Female,Male,2022-12-26,S,Pink
148,Vernen,67,Female,Male,2023-03-07,M,Teal
149,Franzen,81,Female,Male,2022-07-16,XL,Crimson
150,Kendrick,78,Female,Male,2022-08-10,L,Purple
151,Lorna,55,Female,Genderfluid,2022-04-29,XL,Aquamarine
152,Barri,55,Female,Male,2022-06-19,M,Mauv
153,Dale,25,Female,Male,2023-03-15,3XL,Pink
154,Bernete,20,Male,Female,2023-03-11,2XL,Teal
155,Dacia,72,Female,Female,2022-04-02,S,Pink
156,Ranice,79,Male,Female,2022-09-24,XL,Indigo
157,Rosalynd,84,Female,Female,2022-12-21,S,Indigo
158,Clerc,35,Male,Male,2022-06-02,3XL,Puce
159,Gert,55,Female,Female,2022-11-11,M,Purple
160,Linn,48,Female,Male,2022-03-31,2XL,Violet
161,Brade,92,Female,Male,2023-02-17,M,Purple
162,Dorine,55,Female,Female,2022-08-21,M,Pink
163,De witt,55,Male,Male,2022-12-08,L,Red
164,Claudell,66,Female,Bigender,2022-11-26,S,Red
165,Dennet,58,Female,Male,2023-01-27,2XL,Teal
166,Wilek,36,Female,Male,2022-10-17,2XL,Aquamarine
167,Kipp,38,Male,Female,2022-11-21,L,Maroon
168,Alla,70,Female,Non-binary,2022-09-26,S,Blue
169,Jeane,53,Female,Female,2022-08-01,L,Indigo
170,Merv,67,Male,Male,2022-10-04,M,Pink
171,Leo,83,Female,Male,2022-04-17,3XL,Teal
172,Monti,80,Female,Agender,2022-11-06,XL,Crimson
173,Fianna,26,Male,Female,2022-07-18,XS,Red
174,Kaitlynn,45,Female,Female,2022-06-21,XS,Teal
175,Barnett,58,Male,Non-binary,2022-04-10,XL,Fuscia
176,Saxon,40,Female,Male,2022-06-26,2XL,Fuscia
177,Currey,62,Male,Male,2022-09-04,3XL,Indigo
178,Boris,37,Male,Male,2022-10-22,S,Crimson
179,Timothee,27,Male,Male,2022-08-23,S,Purple
180,Wilton,88,Female,Male,2023-02-06,L,Teal
181,Rainer,45,Male,Male,2023-03-16,3XL,Pink
182,Nealy,63,Female,Bigender,2022-07-01,2XL,Orange
183,Carolann,71,Female,Genderqueer,2022-12-19,2XL,Red
184,Frieda,52,Male,Female,2023-01-10,XL,Green
185,Tammy,37,Male,Male,2022-05-23,L,Red
186,Norrie,38,Male,Male,2022-06-07,S,Red
187,Ros,41,Female,Female,2022-10-22,S,Fuscia
188,Zuzana,54,Male,Female,2022-04-14,3XL,Red
189,Raimund,91,Female,Male,2022-08-24,XS,Yellow
190,Casar,61,Male,Male,2023-02-28,XS,Aquamarine
191,Lia,54,Female,Female,2022-05-18,XS,Aquamarine
192,Whitaker,58,Female,Male,2022-09-13,XS,Blue
193,Tiphanie,66,Female,Female,2023-02-11,M,Goldenrod
194,Bathsheba,37,Male,Genderqueer,2022-10-30,L,Yellow
195,Keeley,26,Female,Female,2022-11-05,S,Violet
196,Gael,50,Male,Female,2023-02-15,M,Mauv
197,Onfroi,59,Female,Male,2022-08-23,3XL,Violet
198,Lyndsey,56,Male,Agender,2022-11-08,S,Khaki
199,Muriel,49,Female,Female,2022-06-29,2XL,Yellow
200,Andie,36,Male,Male,2023-03-02,2XL,Aquamarine
201,Jewell,54,Female,Female,2022-09-03,3XL,Violet
202,Rutherford,38,Male,Male,2022-10-22,S,Puce
203,Deerdre,90,Female,Genderfluid,2022-10-01,M,Blue
204,Irvin,60,Female,Male,2023-01-09,S,Teal
205,Orland,36,Male,Male,2022-08-07,2XL,Green
206,Gwyneth,58,Male,Female,2022-11-19,S,Khaki
207,Terza,42,Male,Female,2022-07-05,3XL,Green
208,Lamont,91,Female,Male,2022-04-03,2XL,Khaki
209,Muriel,85,Male,Female,2022-06-08,XL,Violet
210,Isador,84,Female,Male,2022-10-20,XS,Violet
211,Corrine,51,Male,Genderqueer,2023-03-11,3XL,Pink
212,Alyssa,78,Male,Female,2022-12-04,L,Goldenrod
213,Wood,67,Female,Male,2022-03-21,3XL,Crimson
214,Cyrill,20,Male,Male,2022-10-21,S,Red
215,Milli,38,Male,Female,2022-04-11,S,Teal
216,Kiele,77,Female,Female,2022-08-03,2XL,Green
217,Corliss,26,Female,Polygender,2022-04-15,2XL,Turquoise
218,Kittie,30,Male,Female,2022-06-22,M,Crimson
219,Shannen,49,Female,Female,2022-11-10,XS,Puce
220,Tabina,47,Female,Female,2022-03-25,S,Mauv
221,Jessey,45,Male,Male,2022-04-12,L,Puce
222,Gallard,49,Female,Male,2023-02-16,2XL,Pink
223,Tades,57,Female,Male,2022-04-05,M,Fuscia
224,Byram,41,Female,Male,2022-08-31,XL,Blue
225,Glynis,29,Male,Female,2022-05-09,2XL,Turquoise
226,Kiley,79,Female,Female,2022-11-10,3XL,Goldenrod
227,Starlene,89,Female,Female,2023-01-30,L,Puce
228,Shane,64,Female,Female,2022-03-21,3XL,Indigo
229,Waldo,93,Female,Male,2022-12-08,L,Orange
230,Abbe,42,Male,Female,2022-08-29,L,Indigo
231,Eleonora,44,Female,Female,2022-12-30,L,Violet
232,Eachelle,32,Female,Female,2022-08-27,L,Turquoise
233,Aldis,87,Female,Polygender,2022-11-21,M,Teal
234,Harmonia,89,Male,Female,2022-09-15,2XL,Turquoise
235,Avictor,89,Female,Male,2022-11-05,2XL,Goldenrod
236,Ethelyn,65,Male,Female,2022-05-05,XS,Aquamarine
237,Ailina,65,Male,Female,2022-04-14,3XL,Green
238,Kippie,46,Male,Female,2022-04-04,2XL,Crimson
239,Gabi,83,Female,Female,2023-01-06,L,Orange
240,Felita,89,Male,Female,2022-04-22,2XL,Purple
241,Susann,64,Female,Female,2022-03-19,L,Red
242,Wilmar,50,Female,Male,2023-02-17,XL,Turquoise
243,Teddie,87,Male,Male,2022-09-26,L,Orange
244,Wright,26,Female,Male,2022-07-05,XS,Yellow
245,Abby,32,Male,Female,2022-06-30,XL,Aquamarine
246,Urbanus,57,Male,Male,2022-11-10,3XL,Purple
247,Butch,26,Female,Male,2022-12-25,L,Pink
248,Iain,64,Male,Male,2023-03-02,XL,Fuscia
249,Selina,52,Male,Female,2022-08-01,2XL,Blue
250,Mona,69,Male,Female,2022-08-16,L,Maroon
251,Genvieve,77,Female,Female,2022-10-26,M,Turquoise
252,Lane,31,Female,Male,2023-02-28,M,Fuscia
253,Sosanna,34,Female,Female,2022-05-08,XL,Aquamarine
254,Guenevere,42,Female,Female,2022-07-29,XL,Teal
255,Ardisj,52,Male,Agender,2022-12-30,3XL,Khaki
256,Ulick,38,Male,Male,2022-06-14,XL,Violet
257,Bea,30,Female,Polygender,2023-01-04,L,Red
258,Zerk,99,Male,Male,2023-01-14,2XL,Puce
259,Jennifer,40,Female,Female,2023-01-07,L,Puce
260,Costa,85,Male,Male,2023-02-08,M,Fuscia
261,Corrianne,26,Male,Female,2022-05-26,2XL,Green
262,Rutherford,38,Female,Male,2022-07-21,XS,Purple
263,Raff,66,Male,Male,2022-12-28,2XL,Fuscia
264,Cynthea,26,Male,Female,2022-11-29,L,Blue
265,Niel,90,Female,Male,2023-02-04,2XL,Khaki
266,Reagen,31,Male,Male,2023-02-04,3XL,Goldenrod
267,Maybelle,45,Male,Female,2022-05-23,L,Green
268,Glen,85,Male,Genderqueer,2023-01-27,S,Puce
269,Bertrand,76,Male,Male,2023-01-14,2XL,Violet
270,Jennilee,98,Male,Female,2022-05-17,S,Mauv
271,Basil,55,Male,Male,2022-05-09,L,Fuscia
272,Rudyard,38,Male,Male,2022-10-03,XS,Fuscia
273,Jerrylee,34,Female,Female,2023-02-02,XL,Crimson
274,Silvain,40,Female,Male,2022-10-19,S,Mauv
275,Caryl,82,Male,Male,2022-06-27,L,Maroon
276,Alexi,86,Female,Female,2022-10-27,M,Blue
277,Vance,55,Male,Male,2022-06-21,2XL,Maroon
278,Conrade,98,Male,Male,2022-09-10,L,Orange
279,Shermie,97,Female,Male,2022-07-23,2XL,Fuscia
280,Leonidas,98,Male,Male,2023-01-27,XS,Puce
281,Augusto,62,Female,Male,2022-09-13,L,Goldenrod
282,Sergio,90,Female,Male,2022-10-10,3XL,Indigo
283,Neville,89,Male,Male,2022-11-05,3XL,Purple
284,Annette,39,Female,Agender,2022-04-19,3XL,Maroon
285,Ker,23,Female,Male,2023-01-29,2XL,Yellow
286,Cosimo,55,Male,Male,2022-03-30,M,Orange
287,Osbourne,20,Male,Male,2022-09-08,S,Teal
288,Virginia,80,Female,Female,2022-09-28,S,Teal
289,Ave,48,Female,Male,2023-02-21,L,Crimson
290,Jeddy,40,Male,Male,2023-02-18,XS,Fuscia
291,Tamarah,41,Female,Female,2022-07-26,S,Puce
292,Gipsy,54,Male,Female,2022-07-21,3XL,Turquoise
293,Mel,58,Female,Genderqueer,2023-02-10,XS,Crimson
294,Trescha,100,Male,Female,2022-09-11,S,Green
295,Brewer,99,Male,Male,2022-08-11,S,Purple
296,Eloisa,71,Female,Female,2023-03-04,L,Pink
297,Sim,75,Male,Male,2022-08-22,XS,Red
298,Lynnea,63,Female,Female,2022-09-29,2XL,Mauv
299,Boone,72,Male,Male,2023-01-30,XS,Khaki
300,Massimiliano,63,Female,Male,2023-01-28,XS,Goldenrod
301,Gae,84,Male,Female,2023-01-21,S,Turquoise
302,Humfrey,73,Male,Male,2022-04-08,XS,Khaki
303,Sal,40,Male,Male,2022-12-09,3XL,Khaki
304,Maxwell,54,Female,Male,2022-10-14,S,Purple
305,Elinore,57,Female,Female,2022-04-13,L,Crimson
306,Beulah,84,Male,Female,2022-07-12,2XL,Violet
307,Nicole,84,Male,Female,2022-04-12,2XL,Yellow
308,Susi,57,Male,Female,2022-12-29,M,Khaki
309,Carlin,39,Female,Female,2022-04-11,S,Indigo
310,Dana,46,Male,Bigender,2022-04-28,M,Fuscia
311,Eolanda,60,Male,Female,2022-10-03,2XL,Turquoise
312,Ali,88,Male,Male,2023-01-14,2XL,Crimson
313,Earl,39,Male,Male,2022-10-01,2XL,Goldenrod
314,Kylie,36,Female,Male,2023-03-05,XL,Maroon
315,Jan,57,Female,Female,2022-08-24,L,Crimson
316,Tobit,97,Female,Male,2022-06-25,XS,Yellow
317,Inness,86,Female,Male,2022-05-10,S,Fuscia
318,Lorin,35,Female,Non-binary,2022-11-30,XL,Pink
319,Josie,97,Female,Female,2022-10-12,XL,Turquoise
320,Huberto,33,Female,Male,2022-08-07,XL,Violet
321,Bart,81,Female,Male,2022-07-20,M,Green
322,Kalindi,67,Male,Female,2022-04-28,2XL,Indigo
323,Giovanna,21,Female,Female,2023-02-09,M,Khaki
324,Ruthi,23,Female,Female,2022-07-24,S,Aquamarine
325,Cyrus,46,Male,Male,2022-09-04,XS,Green
326,Lorettalorna,31,Female,Female,2022-06-27,S,Aquamarine
327,Krista,97,Male,Female,2022-08-22,S,Yellow
328,Teddie,86,Female,Female,2022-09-17,XS,Khaki
329,Lara,81,Female,Female,2022-03-20,3XL,Orange
330,Caryl,30,Male,Female,2022-05-13,2XL,Maroon
331,Niels,62,Male,Male,2023-02-20,2XL,Maroon
332,Bonnie,42,Male,Female,2022-08-21,3XL,Goldenrod
333,Irena,48,Female,Female,2022-04-16,3XL,Maroon
334,Hill,46,Male,Male,2022-07-25,3XL,Teal
335,Sapphira,39,Male,Female,2022-12-27,S,Red
336,Field,20,Female,Male,2022-12-23,XL,Orange
337,Kettie,67,Female,Genderfluid,2022-06-07,XL,Pink
338,Iver,31,Male,Male,2022-06-13,2XL,Indigo
339,Page,97,Male,Female,2022-11-23,M,Violet
340,Leland,60,Female,Female,2022-10-15,XS,Indigo
341,Aldo,43,Female,Male,2022-07-29,M,Turquoise
342,Persis,69,Male,Female,2022-12-12,M,Aquamarine
343,Paton,70,Male,Male,2023-03-16,3XL,Crimson
344,Colver,31,Female,Male,2022-05-10,L,Maroon
345,Ava,72,Female,Female,2022-04-05,L,Goldenrod
346,Layton,50,Female,Male,2022-09-29,M,Mauv
347,Parrnell,34,Male,Male,2022-06-22,XL,Green
348,Neda,41,Female,Female,2022-03-31,XL,Purple
349,Remington,51,Male,Male,2022-06-10,XL,Pink
350,Juan,91,Male,Male,2022-09-07,XL,Turquoise
351,Sig,76,Male,Male,2022-03-23,3XL,Turquoise
352,Brent,20,Female,Male,2023-02-03,XS,Puce
353,Faulkner,32,Female,Male,2022-10-02,XS,Crimson
354,Amaleta,95,Female,Female,2022-09-07,XS,Mauv
355,Jorrie,34,Female,Female,2022-10-22,2XL,Fuscia
356,Hubey,84,Female,Male,2023-02-02,S,Puce
357,Elmira,47,Female,Female,2022-06-21,S,Mauv
358,Louella,75,Male,Female,2022-12-18,3XL,Mauv
359,Faulkner,41,Female,Male,2022-04-19,2XL,Khaki
360,Georgia,95,Female,Female,2022-11-30,S,Orange
361,Cordelia,61,Female,Female,2022-06-07,XS,Crimson
362,Baxie,82,Male,Male,2022-09-15,M,Puce
363,Torr,32,Male,Male,2023-01-19,2XL,Red
364,Ofelia,31,Female,Bigender,2022-11-04,XS,Orange
365,Ardith,58,Male,Female,2022-08-02,XL,Puce
366,Loralyn,53,Male,Genderqueer,2022-11-11,2XL,Aquamarine
367,Gardener,90,Female,Male,2022-09-14,L,Red
368,Dion,29,Female,Female,2022-08-10,XL,Violet
369,Augustine,66,Female,Male,2022-12-01,XL,Fuscia
370,Alina,52,Male,Female,2022-03-19,S,Fuscia
371,Greg,58,Male,Male,2022-04-27,XL,Green
372,Miriam,72,Female,Female,2022-06-20,L,Fuscia
373,Donal,42,Male,Male,2022-11-20,XS,Khaki
374,Jobi,41,Male,Female,2023-01-13,XS,Khaki
375,Ronalda,59,Female,Female,2022-06-08,XS,Khaki
376,Kirsten,97,Male,Female,2022-03-23,S,Aquamarine
377,Dinny,31,Female,Female,2023-01-26,L,Crimson
378,Mata,34,Male,Genderqueer,2022-04-28,3XL,Purple
379,Zebedee,38,Female,Male,2022-04-25,M,Aquamarine
380,Liza,78,Male,Female,2023-02-25,M,Green
381,Ciro,52,Female,Male,2022-06-15,3XL,Teal
382,Pegeen,89,Male,Female,2022-08-10,S,Mauv
383,Raviv,76,Female,Male,2022-10-15,3XL,Aquamarine
384,Yasmeen,21,Female,Female,2022-12-31,M,Goldenrod
385,Merralee,21,Female,Female,2022-04-03,S,Green
386,Thurston,56,Male,Male,2022-09-04,S,Orange
387,Juieta,99,Male,Female,2022-04-25,2XL,Teal
388,Yale,83,Female,Male,2022-12-04,L,Red
389,Nestor,55,Male,Male,2022-10-17,XL,Crimson
390,Emalee,91,Male,Female,2022-05-23,XL,Violet
391,Adriana,63,Female,Female,2022-06-07,XL,Blue
392,Mary,69,Female,Genderqueer,2022-08-24,M,Goldenrod
393,Ike,26,Male,Male,2022-09-11,2XL,Violet
394,Opalina,59,Female,Female,2022-07-13,3XL,Green
395,Ilario,46,Female,Male,2023-01-27,3XL,Indigo
396,Alisun,87,Female,Female,2022-10-02,XS,Teal
397,Patric,78,Male,Male,2022-09-22,S,Goldenrod
398,Galven,69,Male,Male,2022-11-05,3XL,Khaki
399,Teddy,70,Female,Female,2022-04-24,S,Puce
400,Rossy,31,Male,Male,2022-09-23,XS,Yellow
401,Paulie,35,Male,Bigender,2022-07-30,XL,Blue
402,Freddie,53,Female,Male,2022-11-19,S,Purple
403,Ingelbert,77,Female,Polygender,2022-05-26,L,Goldenrod
404,Samaria,70,Male,Agender,2022-03-28,2XL,Mauv
405,Frederic,53,Male,Male,2022-07-31,M,Orange
406,Astra,54,Male,Female,2023-01-07,2XL,Violet
407,Tobey,28,Female,Female,2022-12-04,XS,Turquoise
408,Lucretia,34,Female,Female,2023-03-13,3XL,Maroon
409,Winthrop,29,Male,Male,2022-03-22,XL,Crimson
410,Chester,24,Female,Male,2022-10-31,M,Turquoise
411,Leonid,58,Male,Male,2022-08-18,S,Crimson
412,Dede,54,Male,Female,2022-06-09,S,Yellow
413,Bastian,65,Female,Male,2022-03-26,M,Mauv
414,Dion,44,Female,Male,2022-10-18,L,Green
415,Wandis,32,Male,Non-binary,2022-12-18,S,Maroon
416,Jamey,81,Male,Male,2022-11-13,2XL,Blue
417,Michel,21,Female,Male,2022-06-08,S,Red
418,Keir,78,Male,Male,2022-10-24,3XL,Fuscia
419,Kristal,74,Male,Female,2022-12-16,XS,Yellow
420,Peterus,72,Female,Male,2023-02-23,3XL,Indigo
421,Dougy,45,Female,Male,2022-12-22,M,Pink
422,Wendye,66,Male,Female,2022-07-18,XL,Blue
423,Antony,46,Male,Male,2023-02-24,XL,Crimson
424,David,41,Female,Male,2022-10-02,L,Aquamarine
425,Wyn,41,Male,Male,2022-08-15,XL,Puce
426,Ariela,36,Male,Female,2022-10-03,3XL,Red
427,Marion,20,Male,Male,2022-04-08,2XL,Orange
428,Jozef,75,Female,Male,2022-04-21,3XL,Aquamarine
429,Moses,39,Male,Male,2022-12-26,M,Goldenrod
430,Sollie,34,Male,Non-binary,2023-02-27,2XL,Yellow
431,Nickolaus,89,Female,Male,2022-06-26,XL,Puce
432,Joelly,36,Female,Female,2022-12-23,XL,Aquamarine
433,Barbra,92,Female,Female,2023-03-11,XS,Crimson
434,Lisha,68,Female,Female,2022-03-26,XL,Maroon
435,Shell,71,Female,Male,2022-04-24,2XL,Purple
436,Moishe,76,Female,Genderqueer,2022-04-28,M,Khaki
437,Paulette,64,Male,Female,2023-02-21,2XL,Pink
438,Isobel,99,Female,Female,2022-10-04,XS,Violet
439,Avictor,21,Male,Male,2022-09-27,S,Fuscia
440,Mirabella,73,Male,Female,2022-04-21,L,Aquamarine
441,Jerrilyn,46,Female,Female,2022-06-20,L,Green
442,Gary,100,Female,Male,2022-11-18,XS,Crimson
443,Jorgan,72,Male,Male,2022-05-06,S,Mauv
444,Rowena,99,Male,Female,2022-07-29,3XL,Fuscia
445,Shina,98,Male,Female,2022-08-26,XL,Blue
446,Arnold,44,Male,Male,2023-02-06,XS,Purple
447,Mayer,39,Female,Male,2022-10-29,XL,Green
448,Georgeanna,91,Male,Female,2023-02-09,L,Indigo
449,Homere,58,Male,Male,2022-08-09,2XL,Purple
450,Maritsa,22,Male,Female,2022-08-16,2XL,Goldenrod
451,Dallis,90,Male,Male,2022-11-18,3XL,Teal
452,Liva,85,Male,Female,2022-08-09,XL,Goldenrod
453,Hartwell,81,Female,Non-binary,2022-05-18,L,Fuscia
454,Margo,60,Male,Female,2022-11-23,S,Pink
455,Erroll,30,Female,Male,2023-02-08,2XL,Indigo
456,Edan,88,Female,Male,2022-12-24,2XL,Maroon
457,Timi,68,Male,Female,2022-08-26,M,Orange
458,Dayna,36,Female,Female,2022-12-25,2XL,Blue
459,Bev,61,Female,Female,2022-05-18,XS,Fuscia
460,Roxine,49,Male,Female,2023-02-24,XS,Yellow
461,Dixie,99,Male,Non-binary,2022-10-07,XS,Green
462,Nappie,20,Male,Male,2022-05-08,M,Khaki
463,Ricki,22,Male,Female,2022-07-10,2XL,Goldenrod
464,Ilyse,29,Male,Female,2023-01-06,2XL,Goldenrod
465,Seumas,80,Male,Agender,2022-06-04,2XL,Purple
466,Lissie,68,Female,Female,2022-04-14,XS,Green
467,Neale,44,Female,Male,2022-07-18,M,Blue
468,Ede,48,Male,Female,2023-02-03,3XL,Puce
469,Kliment,89,Male,Male,2023-03-08,L,Indigo
470,Burl,89,Male,Male,2022-11-28,XL,Purple
471,Gerik,29,Male,Male,2022-06-18,L,Teal
472,James,35,Male,Male,2023-01-19,XS,Mauv
473,Hadria,23,Male,Female,2023-02-18,2XL,Goldenrod
474,Karel,38,Female,Female,2022-04-29,M,Yellow
475,Urban,36,Male,Male,2022-11-17,S,Aquamarine
476,Daniela,21,Male,Agender,2022-06-09,2XL,Pink
477,Barrie,21,Male,Male,2023-01-02,M,Aquamarine
478,Petronia,40,Male,Non-binary,2023-02-13,S,Turquoise
479,Ev,47,Female,Male,2022-03-20,2XL,Fuscia
480,Katrinka,80,Female,Female,2023-02-06,M,Khaki
481,Moe,79,Male,Male,2022-10-14,3XL,Orange
482,Barnaby,20,Male,Male,2022-12-15,S,Fuscia
483,Keslie,20,Male,Bigender,2022-12-23,2XL,Fuscia
484,Shanda,49,Male,Genderqueer,2022-05-26,XL,Aquamarine
485,Svend,29,Female,Male,2022-04-09,M,Teal
486,Yard,54,Female,Male,2022-12-09,L,Maroon
487,Zuzana,85,Female,Female,2023-01-14,S,Purple
488,Jacquetta,30,Female,Female,2022-10-28,XS,Blue
489,Aubrey,21,Male,Female,2022-06-16,L,Yellow
490,Bryana,61,Male,Female,2022-07-30,3XL,Khaki
491,Lawrence,71,Male,Male,2022-10-02,M,Mauv
492,Skye,38,Male,Male,2022-11-11,3XL,Turquoise
493,Chip,52,Male,Male,2022-10-18,3XL,Orange
494,Hodge,92,Male,Male,2022-04-02,2XL,Green
495,Gordon,68,Female,Male,2022-11-29,2XL,Indigo
496,Shandie,27,Female,Female,2022-08-03,XS,Crimson
497,Laural,71,Male,Female,2022-09-14,M,Crimson
498,Brander,24,Male,Male,2023-03-09,2XL,Pink
499,Minerva,99,Female,Non-binary,2022-05-08,XS,Mauv
500,Ellary,44,Female,Male,2022-10-24,XS,Aquamarine
